cds,stype,name,sname,snum,dname,dnum,cname,cnum,flag,pcttest,api00,api99,target,growth,sch.wide,comp.imp,both,awards,meals,ell,yr.rnd,mobility,acs.k3,acs.46,acs.core,pct.resp,not.hsg,hsg,some.col,col.grad,grad.sch,avg.ed,full,emer,enroll,api.stu,pw,fpc
19647336097927,E,Open Magnet: Ce,Open Magnet: Center for Individual (Char,2077,Los Angeles Unified,401,Los Angeles,18,NA,99,840,816,NA,24,Yes,No,No,No,33,25,No,11,20,29,NA,0,0,0,0,0,0,3.3199999332428,100,0,276,241,44.2099990844727,4421
19647336016018,E,Belvedere Eleme,Belvedere Elementary,1622,Los Angeles Unified,401,Los Angeles,18,NA,100,516,476,16,40,Yes,Yes,Yes,Yes,98,77,Yes,26,19,28,NA,0,0,0,0,0,0,1.66999995708466,57,40,841,631,44.2099990844727,4421
19648816021505,E,Altadena Elemen,Altadena Elementary,2236,Pasadena Unified,541,Los Angeles,18,NA,99,531,544,13,-13,No,No,No,No,64,23,No,17,20,30,NA,0,0,0,0,0,0,2.33999991416931,81,26,441,415,44.2099990844727,4421
19647336019285,E,Soto Street Ele,Soto Street Elementary,1921,Los Angeles Unified,401,Los Angeles,18,NA,100,501,457,17,44,Yes,Yes,Yes,Yes,83,63,No,13,17,30,NA,0,0,0,0,0,0,1.86000001430511,64,24,298,288,44.2099990844727,4421
56739406115430,E,Walnut Canyon E,Walnut Canyon Elementary,6140,Moorpark Unified,460,Ventura,55,NA,100,720,659,7,61,Yes,Yes,Yes,Yes,26,17,No,31,20,30,NA,0,0,0,0,0,0,3.17000007629395,90,7,354,319,44.2099990844727,4421
56726036084917,E,Atherwood Eleme,Atherwood Elementary,6077,Simi Valley Unified,689,Ventura,55,NA,100,805,780,1,25,Yes,Yes,Yes,Yes,7,0,No,12,19,29,NA,0,0,0,0,0,0,3.64000010490417,95,0,330,315,44.2099990844727,4421
56726036055800,E,Township Elemen,Township Elementary,6071,Simi Valley Unified,689,Ventura,55,NA,99,778,787,1,-9,No,No,No,No,9,2,No,10,19,31,NA,0,0,0,0,0,0,3.54999995231628,96,0,385,363,44.2099990844727,4421
15633216109078,E,Thorner (Dr. Ju,Thorner (Dr. Juliet) Elementary,904,Bakersfield City Elem,41,Kern,14,NA,98,731,731,3,0,No,No,No,No,45,2,No,15,19,31,NA,0,0,0,0,0,0,3.09999990463257,93,8,583,510,44.2099990844727,4421
37683956098487,E,Nicoloff (Georg,Nicoloff (George) Elementary,4637,South Bay Union Elem,702,San Diego,36,NA,100,592,508,15,84,Yes,Yes,Yes,Yes,75,58,Yes,23,20,32,NA,0,0,0,0,0,0,2.17000007629395,91,14,763,652,44.2099990844727,4421
37680236038020,E,Valle Lindo Ele,Valle Lindo Elementary,4311,Chula Vista Elementary,135,San Diego,36,NA,100,669,658,7,11,Yes,No,No,No,47,23,No,19,18,29,NA,0,0,0,0,0,0,2.8199999332428,96,0,381,322,44.2099990844727,4421
36678506059448,M,Frisbie Middle,Frisbie Middle,4105,Rialto Unified,590,San Bernardino,35,NA,99,496,479,16,17,Yes,No,No,No,69,25,No,26,NA,32,30,0,0,0,0,0,0,2.21000003814697,84,18,1293,1035,20.3600006103516,1018
33752426111447,M,Rivera (Tomas) ,Rivera (Tomas) Middle,3607,Val Verde Unified,767,Riverside,32,NA,99,505,499,15,6,No,No,No,No,60,10,No,22,NA,32,32,87,31,34,22,10,4,2.22000002861023,65,37,1043,815,20.3600006103516,1018
10621661035831,H,Roosevelt High,Roosevelt High,627,Fresno Unified,253,Fresno,9,NA,93,467,460,17,7,No,No,No,No,66,43,No,16,NA,NA,27,67,49,20,15,12,4,2.00999999046326,93,17,2165,1850,15.1000003814697,755
01612596057020,M,Frick Middle,Frick Middle,215,Oakland Unified,507,Alameda,1,NA,95,409,406,20,3,No,No,No,No,54,26,No,44,NA,32,29,50,12,33,23,29,3,2.78999996185303,55,26,739,658,20.3600006103516,1018
33752423330552,H,Rancho Verde Hi,Rancho Verde High,3599,Val Verde Unified,767,Riverside,32,NA,95,522,532,13,-10,No,No,No,No,35,7,No,18,NA,NA,28,70,20,20,31,23,6,2.73000001907349,80,19,1894,1451,15.1000003814697,755
19647336016620,E,Corona Avenue E,Corona Avenue Elementary,1678,Los Angeles Unified,401,Los Angeles,18,NA,100,497,440,18,57,Yes,Yes,Yes,Yes,95,66,Yes,18,19,30,NA,71,45,36,11,8,0,1.82000005245209,67,33,1112,931,44.2099990844727,4421
30665226028732,E,Rosita Elementa,Rosita Elementary,3015,Garden Grove Unified,259,Orange,29,NA,98,638,572,11,66,Yes,Yes,Yes,Yes,75,73,No,12,22,30,NA,2,9,64,18,9,0,2.26999998092651,97,3,515,447,44.2099990844727,4421
33671736059109,M,Cree (Raymond) ,Cree (Raymond) Middle,3491,Palm Springs Unified,531,Riverside,32,NA,100,609,564,12,45,Yes,Yes,Yes,Yes,47,20,No,8,NA,32,34,91,22,20,32,16,11,2.75,89,13,1116,966,20.3600006103516,1018
30736506071179,M,Rancho San Joaq,Rancho San Joaquin Middle,3237,Irvine Unified,316,Orange,29,NA,95,867,816,NA,51,Yes,Yes,Yes,Yes,6,16,No,17,NA,NA,30,0,0,0,0,100,0,4,100,7,739,585,20.3600006103516,1018
10623316007009,E,Orange Center E,Orange Center Elementary,725,Orange Center Elementary,515,Fresno,9,NA,100,534,478,16,56,Yes,Yes,Yes,Yes,93,39,No,20,18,23,21,100,60,24,13,2,2,1.61000001430511,90,14,262,192,44.2099990844727,4421
14632556008726,E,Pine Street Ele,Pine Street Elementary,861,Bishop Union Elementary,69,Inyo,13,NA,100,705,685,6,20,Yes,Yes,Yes,Yes,38,6,No,8,20,31,NA,90,5,29,27,28,11,3.10999989509583,97,0,528,479,44.2099990844727,4421
43696746101752,M,Buchser Middle,Buchser Middle,5410,Santa Clara Unified,656,Santa Clara,42,NA,98,685,657,7,28,Yes,Yes,Yes,Yes,32,18,No,6,NA,33,28,83,10,21,31,28,10,3.05999994277954,89,11,912,796,20.3600006103516,1018
43696256048110,E,Frost (Earl) El,Frost (Earl) Elementary,5319,Oak Grove Elementary,501,Santa Clara,42,NA,100,761,739,3,22,Yes,No,No,No,24,6,No,15,19,32,NA,86,2,21,46,26,5,3.13000011444092,78,22,278,266,44.2099990844727,4421
54753255430210,H,Farmersville Hi,Farmersville High,5947,Farmersville Unified,233,Tulare,53,NA,99,455,403,20,52,Yes,Yes,Yes,Yes,89,59,No,10,NA,NA,26,98,58,23,14,3,1,1.67999994754791,81,19,357,302,15.1000003814697,755
36677103630555,H,Fontana Miller ,Fontana Miller (A.B.) High,3999,Fontana Unified,238,San Bernardino,35,NA,99,509,504,15,5,No,No,No,No,44,18,No,13,NA,NA,32,5,28,40,18,13,1,2.19000005722046,81,15,2552,2238,15.1000003814697,755
01612596001754,E,Crocker Highlan,Crocker Highlands Elementary,169,Oakland Unified,507,Alameda,1,NA,100,771,755,2,16,Yes,No,No,No,15,3,No,11,20,28,NA,72,1,8,22,27,43,4.03000020980835,95,0,266,241,44.2099990844727,4421
19644361938372,H,South Hills Hig,South Hills High,1247,Covina-Valley Unified,162,Los Angeles,18,NA,98,681,673,6,8,Yes,No,No,No,18,3,No,12,NA,NA,28,100,6,19,30,30,16,3.30999994277954,77,17,1105,851,15.1000003814697,755
49738824935482,H,Rancho Cotate H,Rancho Cotate High,5706,Cotati-Rohnert Park Unif,160,Sonoma,48,NA,98,666,690,6,-24,No,No,No,No,9,5,No,9,NA,NA,27,84,5,21,31,34,8,3.20000004768372,95,6,1586,1349,15.1000003814697,755
19647336017719,E,Kentwood Elemen,Kentwood Elementary,1777,Los Angeles Unified,401,Los Angeles,18,NA,100,751,687,6,64,Yes,Yes,Yes,Yes,35,7,No,9,16,24,NA,80,2,19,24,44,11,3.41000008583069,88,4,256,222,44.2099990844727,4421
37681976067003,M,La Presa Middle,La Presa Middle,4398,La Mesa-Spring Valley,351,San Diego,36,NA,99,647,642,8,5,No,No,No,No,60,23,No,18,NA,31,30,100,20,33,30,13,4,2.48000001907349,100,8,1173,923,20.3600006103516,1018
44698076060644,M,San Lorenzo Val,San Lorenzo Valley Junior High,5481,San Lorenzo Valley Unif,639,Santa Cruz,43,NA,99,745,707,5,38,Yes,Yes,Yes,Yes,13,1,No,6,NA,NA,28,96,1,11,30,42,17,3.63000011444092,97,3,539,494,20.3600006103516,1018
19734376012405,E,Tibby Elementar,Tibby Elementary,2435,Compton Unified,153,Los Angeles,18,NA,100,474,449,18,25,Yes,No,No,No,98,17,No,31,20,31,NA,77,21,53,21,5,1,2.11999988555908,31,63,443,401,44.2099990844727,4421
19647256015473,E,Lowell Elementa,Lowell Elementary,1502,Long Beach Unified,395,Los Angeles,18,NA,100,832,835,NA,-3,Yes,No,No,No,25,10,No,16,20,34,NA,90,5,8,28,29,30,3.71000003814697,91,3,450,397,44.2099990844727,4421
10621666006142,E,Centennial Elem,Centennial Elementary,636,Fresno Unified,253,Fresno,9,NA,100,559,525,14,34,Yes,Yes,Yes,Yes,78,27,No,20,18,27,NA,57,20,30,27,21,2,2.54999995231628,98,9,553,509,44.2099990844727,4421
19648811931674,H,Marshall Fundam,Marshall Fundamental,2231,Pasadena Unified,541,Los Angeles,18,NA,97,582,589,11,-7,No,No,No,No,63,22,No,13,NA,34,29,0,0,100,0,0,0,2,66,35,1527,1458,15.1000003814697,755
10621176097026,E,Miramonte Eleme,Miramonte Elementary,598,Clovis Unified,140,Fresno,9,NA,100,765,740,3,25,Yes,Yes,Yes,Yes,54,18,No,23,21,33,NA,94,17,40,19,20,3,2.50999999046326,94,6,589,509,44.2099990844727,4421
09619606107437,M,Sierra Ridge Mi,Sierra Ridge Middle,573,Pollock Pines Elementary,569,El Dorado,8,NA,100,694,679,6,15,Yes,Yes,Yes,Yes,21,0,No,17,NA,24,29,91,4,36,37,19,4,2.83999991416931,94,13,363,306,20.3600006103516,1018
07616976003685,M,Carquinez Middl,Carquinez Middle,375,John Swett Unified,324,Contra Costa,6,NA,99,676,641,8,35,Yes,Yes,Yes,Yes,24,14,No,17,NA,25,24,89,9,43,28,16,4,2.60999989509583,84,16,475,402,20.3600006103516,1018
15751681530401,H,Frazier Mountai,Frazier Mountain High,1043,El Tejon Unified,208,Kern,14,NA,100,641,620,9,21,Yes,No,No,No,23,0,No,9,NA,NA,25,98,8,24,35,28,4,2.97000002861023,47,47,331,285,15.1000003814697,755
48705736097943,E,Sierra Vista El,Sierra Vista Elementary,5612,Vacaville Unified,766,Solano,47,NA,100,744,701,5,43,Yes,No,No,No,34,2,No,18,19,28,NA,100,11,51,27,10,1,2.39000010490417,96,4,312,266,44.2099990844727,4421
41689656044150,M,Hillview Middle,Hillview Middle,5002,Menlo Park City Elem,439,San Mateo,40,NA,100,870,863,NA,7,Yes,Yes,Yes,Yes,2,2,No,8,NA,26,27,94,2,3,7,35,54,4.36999988555908,97,6,558,515,20.3600006103516,1018
19642791933449,H,Gladstone High,Gladstone High,1149,Azusa Unified,40,Los Angeles,18,NA,99,510,485,16,25,Yes,No,No,No,31,30,No,12,NA,NA,27,92,36,25,26,10,3,2.19000005722046,82,18,983,853,15.1000003814697,755
37682966110886,E,Highland Ranch ,Highland Ranch Elementary,4446,Poway Unified,575,San Diego,36,NA,99,865,858,NA,7,Yes,Yes,Yes,Yes,4,7,No,17,19,27,NA,100,1,4,18,42,36,4.09000015258789,100,3,474,397,44.2099990844727,4421
43694274335428,H,Overfelt (Willi,Overfelt (William C.) High,5237,East Side Union High,196,Santa Clara,42,NA,100,527,523,14,4,No,No,No,No,37,37,No,17,NA,NA,27,74,42,24,17,14,2,2.10999989509583,85,18,1423,780,15.1000003814697,755
31668606031165,E,Ophir Elementar,Ophir Elementary,3292,Ophir Elementary,514,Placer,30,NA,100,782,780,1,2,Yes,Yes,Yes,Yes,14,0,No,15,16,22,NA,72,3,20,24,42,11,3.36999988555908,100,0,184,148,44.2099990844727,4421
19651026023592,E,Valley View Ele,Valley View Elementary,2387,Westside Union Elem,806,Los Angeles,18,NA,99,745,691,5,54,Yes,Yes,Yes,Yes,31,3,No,22,18,30,NA,84,5,15,47,20,13,3.19000005722046,97,3,446,356,44.2099990844727,4421
39685023932308,H,Escalon High,Escalon High,4785,Escalon Unified,215,San Joaquin,38,NA,99,681,665,7,16,Yes,No,No,No,20,4,No,4,NA,NA,28,94,15,22,29,27,8,2.90000009536743,84,9,682,645,15.1000003814697,755
38684786062038,M,Everett Middle,Everett Middle,4768,San Francisco Unified,632,San Francisco,37,NA,90,500,491,15,9,No,No,No,No,59,46,No,13,NA,26,23,66,26,30,20,21,3,2.45000004768372,88,0,491,384,20.3600006103516,1018
39685026070957,M,El Portal Middl,El Portal Middle,4787,Escalon Unified,215,San Joaquin,38,NA,100,679,677,6,2,No,No,No,No,31,13,No,9,NA,30,28,97,17,22,34,19,9,2.8199999332428,93,7,715,643,20.3600006103516,1018
30736436030696,E,Tustin Memorial,Tustin Memorial Elementary,3225,Tustin Unified,756,Orange,29,NA,99,892,854,NA,38,Yes,Yes,Yes,Yes,6,3,No,13,20,26,NA,82,0,5,26,35,33,3.96000003814697,93,0,369,327,44.2099990844727,4421
06616146103576,M,Johnson (Lloyd ,Johnson (Lloyd G.) Jr. High,354,Pierce Joint Unified,550,Colusa,5,NA,96,552,475,16,77,Yes,Yes,Yes,Yes,66,42,No,15,NA,NA,27,100,53,26,12,8,2,1.78999996185303,100,0,179,143,20.3600006103516,1018
54719106054050,E,Rocky Hill Elem,Rocky Hill Elementary,5874,Exeter Union Elementary,226,Tulare,53,NA,98,619,559,12,60,Yes,Yes,Yes,Yes,58,20,No,9,19,28,NA,87,31,21,27,13,8,2.47000002861023,95,8,681,602,44.2099990844727,4421
45699716050223,E,Lassen View Ele,Lassen View Elementary,5511,Enterprise Elementary,214,Shasta,44,NA,100,616,575,11,41,Yes,Yes,Yes,Yes,71,11,No,24,20,29,NA,77,11,24,39,22,5,2.85999989509583,100,0,263,226,44.2099990844727,4421
19647336016117,E,Broadacres Aven,Broadacres Avenue Elementary,1632,Los Angeles Unified,401,Los Angeles,18,NA,99,703,652,7,51,Yes,Yes,Yes,Yes,67,0,No,15,18,29,NA,71,1,15,39,33,12,3.41000008583069,83,9,313,256,44.2099990844727,4421
36678506036651,E,Kelley Elementa,Kelley Elementary,4100,Rialto Unified,590,San Bernardino,35,NA,100,509,470,17,39,Yes,Yes,Yes,Yes,75,32,Yes,32,19,34,NA,5,28,55,10,7,0,1.97000002861023,78,23,522,437,44.2099990844727,4421
56726035635008,H,Royal High,Royal High,6055,Simi Valley Unified,689,Ventura,55,NA,98,724,670,7,54,Yes,Yes,Yes,Yes,15,8,No,10,NA,NA,31,3,11,27,22,31,9,3,98,0,1820,1607,15.1000003814697,755
38684786059836,M,Benjamin Frankl,Benjamin Franklin Middle,4759,San Francisco Unified,632,San Francisco,37,NA,66,559,554,12,5,No,No,No,No,78,27,No,12,NA,23,23,70,30,31,17,19,4,2.34999990463257,77,17,598,340,20.3600006103516,1018
37683386059653,M,Marston Middle,Marston Middle,4565,San Diego City Unified,630,San Diego,36,NA,99,650,621,9,29,Yes,Yes,Yes,Yes,64,27,No,22,NA,26,29,86,21,19,28,22,11,2.82999992370605,100,6,1162,1077,20.3600006103516,1018
30665226028484,E,Monroe (James) ,Monroe (James) Elementary,2995,Garden Grove Unified,259,Orange,29,NA,83,806,803,NA,3,Yes,No,No,No,40,43,No,15,20,30,NA,50,6,22,29,39,4,3.14000010490417,95,5,339,243,44.2099990844727,4421
36677776109615,E,Condor Elementa,Condor Elementary,4043,Morongo Unified,465,San Bernardino,35,NA,98,759,726,4,33,Yes,Yes,Yes,Yes,36,3,No,38,18,22,NA,96,2,27,40,24,7,3.08999991416931,100,0,334,244,44.2099990844727,4421
43696906049159,E,Vargas Elementa,Vargas Elementary,5417,Sunnyvale Elementary,725,Santa Clara,42,NA,100,740,703,5,37,Yes,Yes,Yes,Yes,42,37,No,21,19,29,NA,99,11,25,26,22,16,3.07999992370605,97,3,323,257,44.2099990844727,4421
19734456014179,E,Fairgrove Acade,Fairgrove Academy (K-8),2457,Hacienda la Puente Unif,284,Los Angeles,18,NA,100,642,579,11,63,Yes,Yes,Yes,Yes,69,22,No,21,21,32,30,90,13,33,31,17,6,2.70000004768372,87,5,655,622,44.2099990844727,4421
19734376012231,E,Bursch Elementa,Bursch Elementary,2428,Compton Unified,153,Los Angeles,18,NA,88,565,526,14,39,Yes,No,No,No,99,35,No,18,20,29,NA,42,31,40,11,15,3,2.20000004768372,24,72,388,299,44.2099990844727,4421
30665226028559,M,Doig (Leroy L.),Doig (Leroy L.) Intermediate,3001,Garden Grove Unified,259,Orange,29,NA,99,565,556,12,9,No,No,No,No,75,62,No,11,NA,NA,27,93,55,23,14,7,1,1.76999998092651,91,15,817,675,20.3600006103516,1018
19648811936103,H,Muir High,Muir High,2233,Pasadena Unified,541,Los Angeles,18,NA,92,525,495,15,30,Yes,Yes,Yes,Yes,51,17,No,12,NA,NA,26,1,17,0,17,67,0,3.32999992370605,68,34,1033,884,15.1000003814697,755
15737426009633,E,Faller Elementa,Faller Elementary,1037,Sierra Sands Unified,685,Kern,14,NA,100,726,689,6,37,Yes,Yes,Yes,Yes,45,8,No,38,19,30,NA,97,9,32,33,19,7,2.82999992370605,95,5,342,293,44.2099990844727,4421
34674476034672,E,Legette (Earl) ,Legette (Earl) Elementary,3839,San Juan Unified,636,Sacramento,33,NA,99,863,848,NA,15,Yes,Yes,Yes,Yes,14,1,No,18,20,46,NA,90,0,9,24,39,28,3.84999990463257,100,0,355,284,44.2099990844727,4421
07617546004105,E,Highlands Eleme,Highlands Elementary,411,Mt. Diablo Unified,473,Contra Costa,6,NA,98,765,703,5,62,Yes,Yes,Yes,Yes,13,3,No,16,21,30,NA,47,2,8,21,39,30,3.88000011444092,97,3,537,438,44.2099990844727,4421
07617546003966,E,Bancroft Elemen,Bancroft Elementary,402,Mt. Diablo Unified,473,Contra Costa,6,NA,100,893,845,NA,48,Yes,Yes,Yes,Yes,7,4,No,16,20,30,NA,84,0,3,14,39,43,4.21999979019165,93,4,382,312,44.2099990844727,4421
19647336061535,M,Mt. Vernon Midd,Mt. Vernon Middle,2061,Los Angeles Unified,401,Los Angeles,18,NA,98,443,436,18,7,No,No,No,No,79,37,Yes,16,NA,28,24,55,32,29,15,23,2,2.34999990463257,64,29,2039,1769,20.3600006103516,1018
19651366111926,M,La Mesa Jr. Hig,La Mesa Jr. High,2417,William S. Hart High,813,Los Angeles,18,NA,99,774,787,1,-13,No,No,No,No,4,4,No,9,NA,NA,27,85,2,12,28,41,16,3.5699999332428,92,10,1345,565,20.3600006103516,1018
43694506047245,E,McKinley Elemen,McKinley Elementary,5245,Franklin-McKinley Elem,247,Santa Clara,42,NA,99,398,401,20,-3,No,No,No,No,83,70,Yes,17,20,29,NA,51,56,26,8,5,4,1.75999999046326,81,22,444,368,44.2099990844727,4421
30666706111298,E,Walker Elementa,Walker Elementary,3154,Santa Ana Unified,653,Orange,29,NA,100,539,500,15,39,Yes,Yes,Yes,Yes,92,80,Yes,27,20,30,NA,62,56,27,12,4,1,1.67999994754791,80,17,603,532,44.2099990844727,4421
10622656006829,M,Navelencia Midd,Navelencia Middle,716,Kings Canyon Unified,339,Fresno,9,NA,100,668,603,10,65,Yes,Yes,Yes,Yes,51,15,No,9,NA,28,26,0,0,100,0,0,0,2,72,28,390,339,20.3600006103516,1018
27660926026249,E,Olson (Ione) El,Olson (Ione) Elementary,2755,Monterey Peninsula Unif.,459,Monterey,26,NA,100,776,728,4,48,Yes,Yes,Yes,Yes,25,10,No,12,19,22,NA,62,34,11,45,10,0,2.3199999332428,100,0,264,238,44.2099990844727,4421
24753176025431,E,Dos Palos Eleme,Dos Palos Elementary,2712,Dos Palos Oro Loma Unif,185,Merced,23,NA,89,580,554,12,26,Yes,No,No,No,74,22,No,12,19,NA,NA,96,30,25,32,10,3,2.29999995231628,84,13,158,124,44.2099990844727,4421
01611926066476,M,King (Martin Lu,King (Martin Luther Jr) Middle,114,Hayward Unified,294,Alameda,1,NA,100,581,563,12,18,Yes,No,No,No,52,33,No,8,NA,NA,28,54,15,25,31,22,7,2.8199999332428,94,13,618,545,20.3600006103516,1018
30666706030241,E,Edison Elementa,Edison Elementary,3122,Santa Ana Unified,653,Orange,29,NA,100,503,442,18,61,Yes,Yes,Yes,Yes,95,73,Yes,17,22,31,NA,62,51,30,16,3,0,1.73000001907349,80,20,643,567,44.2099990844727,4421
54722316054472,E,Kohn (Frank) El,Kohn (Frank) Elementary,5903,Tulare City Elementary,751,Tulare,53,NA,100,724,673,6,51,Yes,Yes,Yes,Yes,51,3,No,16,18,29,NA,95,18,44,26,9,3,2.35999989509583,89,11,424,386,44.2099990844727,4421
15635606009708,E,Myrtle Avenue E,Myrtle Avenue Elementary,980,Lamont Elementary,364,Kern,14,NA,97,476,409,20,67,Yes,Yes,Yes,Yes,96,38,No,8,NA,27,NA,99,64,19,14,2,1,1.57000005245209,56,44,541,478,44.2099990844727,4421
12626871235209,H,McKinleyville H,McKinleyville High,783,Northern Humboldt High,497,Humboldt,11,NA,97,712,694,5,18,Yes,No,No,No,3,0,No,7,NA,NA,22,95,6,21,29,33,11,3.21000003814697,100,2,532,303,15.1000003814697,755
16638916010367,E,Mark Twain Elem,Mark Twain Elementary,1055,Corcoran Joint Unified,155,Kings,15,NA,98,529,478,16,51,Yes,Yes,Yes,Yes,74,9,No,5,NA,28,NA,93,26,35,25,11,3,2.30999994277954,95,0,473,397,44.2099990844727,4421
15633626096986,E,Stockdale Eleme,Stockdale Elementary,917,Panama Buena Vista Elem,537,Kern,14,NA,99,870,852,NA,18,Yes,Yes,Yes,Yes,7,2,No,20,19,29,NA,100,6,26,23,34,11,3.1800000667572,96,7,337,278,44.2099990844727,4421
39685856111983,E,Muir (John) Ele,Muir (John) Elementary,4830,Lodi Unified,390,San Joaquin,38,NA,100,746,723,4,23,Yes,No,No,No,20,11,Yes,26,20,30,NA,91,6,12,35,28,19,3.4300000667572,97,3,447,354,44.2099990844727,4421
49708966052021,E,Madrone Element,Madrone Elementary,5658,Rincon Valley Union Elem,596,Sonoma,48,NA,100,836,798,1,38,Yes,Yes,Yes,Yes,24,3,No,16,18,28,NA,96,3,35,30,25,7,2.97000002861023,100,0,334,265,44.2099990844727,4421
37683383730371,H,San Diego Schoo,San Diego School of Creative & Performin,4464,San Diego City Unified,630,San Diego,36,NA,100,680,657,7,23,Yes,Yes,Yes,Yes,50,5,No,14,NA,25,25,73,3,11,28,40,17,3.55999994277954,99,3,1115,1099,15.1000003814697,755
44698076109946,E,Redwood Element,Redwood Elementary,5482,San Lorenzo Valley Unif,639,Santa Cruz,43,NA,99,756,766,2,-10,No,No,No,No,20,0,No,14,19,29,NA,84,1,17,32,41,10,3.4300000667572,100,0,290,256,44.2099990844727,4421
21654176058614,M,Sinaloa Middle,Sinaloa Middle,2601,Novato Unified,499,Marin,20,NA,99,878,874,NA,4,Yes,Yes,Yes,Yes,4,2,No,3,NA,28,28,98,2,4,23,42,30,3.95000004768372,100,0,767,735,20.3600006103516,1018
30736353030061,H,El Toro High,El Toro High,3179,Saddleback Valley Unif,621,Orange,29,NA,99,784,760,2,24,Yes,Yes,Yes,Yes,8,7,No,8,NA,NA,28,91,4,9,22,45,20,3.67000007629395,99,4,1956,1756,15.1000003814697,755
10621666111256,E,Leavenworth (An,Leavenworth (Ann B.) Elementary,700,Fresno Unified,253,Fresno,9,NA,99,423,403,20,20,Yes,No,No,No,100,62,Yes,22,19,28,NA,64,49,28,13,8,1,1.8400000333786,100,12,660,597,44.2099990844727,4421
19647336015820,E,Annalee Avenue ,Annalee Avenue Elementary,1606,Los Angeles Unified,401,Los Angeles,18,NA,100,588,538,13,50,Yes,Yes,Yes,Yes,61,1,No,20,16,26,NA,24,0,10,36,48,6,3.49000000953674,73,19,285,250,44.2099990844727,4421
34674136033658,E,Clarksburg Elem,Clarksburg Elementary,3720,River Delta Joint Unif,602,Sacramento,33,NA,100,606,566,12,40,Yes,Yes,Yes,Yes,48,28,No,7,18,26,NA,38,14,18,38,21,9,2.9300000667572,92,17,143,133,44.2099990844727,4421
33672156032726,E,Monroe Elementa,Monroe Elementary,3525,Riverside Unified,605,Riverside,32,NA,99,632,568,12,64,Yes,Yes,Yes,Yes,51,18,Yes,19,19,31,NA,85,21,27,33,12,7,2.5699999332428,91,15,555,484,44.2099990844727,4421
07617546004220,M,Pine Hollow Mid,Pine Hollow Middle,418,Mt. Diablo Unified,473,Contra Costa,6,NA,99,753,696,5,57,Yes,Yes,Yes,Yes,17,5,No,8,NA,30,29,94,3,20,34,31,13,3.30999994277954,86,14,829,714,20.3600006103516,1018
19650946023493,E,Merlinda Elemen,Merlinda Elementary,2378,West Covina Unified,797,Los Angeles,18,NA,99,651,595,10,56,Yes,Yes,Yes,Yes,56,25,No,19,20,31,NA,99,17,31,37,12,3,2.53999996185303,90,10,382,304,44.2099990844727,4421
03739810330753,H,Amador County H,Amador County High,280,Amador County Unified,20,Amador,2,NA,97,743,750,3,-7,No,No,No,No,12,0,No,8,NA,NA,25,96,2,16,36,33,12,3.38000011444092,98,2,695,626,15.1000003814697,755
36676866035653,E,Lewis (Mary B.),Lewis (Mary B.) Elementary,3975,Colton Joint Unified,148,San Bernardino,35,NA,99,553,499,15,54,Yes,Yes,Yes,Yes,80,33,Yes,25,20,30,NA,89,35,47,13,5,1,1.88999998569489,67,28,571,436,44.2099990844727,4421
19647331932888,H,Downtown Busine,Downtown Business High,1555,Los Angeles Unified,401,Los Angeles,18,NA,98,593,595,10,-2,No,No,No,No,72,21,No,12,NA,NA,25,72,36,21,15,22,6,2.41000008583069,81,14,637,594,15.1000003814697,755
15638426010268,M,Jefferson (Thom,Jefferson (Thomas) Middle,1027,Wasco Union Elementary,784,Kern,14,NA,97,528,524,14,4,No,No,No,No,77,32,No,4,NA,NA,27,77,40,34,16,8,2,1.96000003814697,89,11,529,492,20.3600006103516,1018
39685936108237,E,Elliott (Brock),Elliott (Brock) Elementary,4844,Manteca Unified,419,San Joaquin,38,NA,100,676,678,6,-2,No,No,No,No,18,1,No,14,18,30,29,100,4,40,32,18,6,2.82999992370605,93,5,619,542,44.2099990844727,4421
07618126005185,E,Murwood Element,Murwood Elementary,532,Walnut Creek Elementary,781,Contra Costa,6,NA,99,861,856,NA,5,Yes,Yes,Yes,Yes,10,7,No,12,19,26,NA,96,5,3,18,35,39,3.99000000953674,100,0,270,239,44.2099990844727,4421
19648406021125,M,Benton (Reginal,Benton (Reginald M.) Middle,2180,Norwalk-La Mirada Unif,498,Los Angeles,18,NA,100,678,669,7,9,Yes,No,No,No,18,13,No,20,NA,38,NA,89,10,19,37,25,9,3.03999996185303,76,12,775,653,20.3600006103516,1018
36676863631322,H,Bloomington Hig,Bloomington High,3968,Colton Joint Unified,148,San Bernardino,35,NA,100,518,535,13,-17,No,No,No,No,39,22,No,9,NA,NA,30,77,27,27,25,17,3,2.42000007629395,79,24,1515,1309,15.1000003814697,755
36678196036420,M,Vernon Middle,Vernon Middle,4074,Ontario-Montclair Elem,513,San Bernardino,35,NA,96,535,495,15,40,Yes,Yes,Yes,Yes,64,46,No,26,NA,30,27,97,37,35,18,9,2,2.04999995231628,56,40,954,746,20.3600006103516,1018
36677106111173,E,Hemlock Element,Hemlock Elementary,4026,Fontana Unified,238,San Bernardino,35,NA,99,588,533,13,55,Yes,Yes,Yes,Yes,54,24,Yes,17,19,30,NA,6,28,36,20,16,0,2.24000000953674,78,16,441,383,44.2099990844727,4421
54755316107650,E,Roosevelt Eleme,Roosevelt Elementary,5967,Dinuba Unified,182,Tulare,53,NA,99,597,527,14,70,Yes,Yes,Yes,Yes,76,18,No,17,20,27,NA,85,18,51,21,6,3,2.24000000953674,96,4,387,338,44.2099990844727,4421
21654822133692,H,Tamalpais High,Tamalpais High,2617,Tamalpais Union High,735,Marin,20,NA,97,770,817,NA,-47,No,Yes,No,No,1,1,No,6,NA,NA,23,56,2,4,11,38,45,4.19999980926514,93,7,633,364,15.1000003814697,755
01612596002216,E,Thornhill Eleme,Thornhill Elementary,208,Oakland Unified,507,Alameda,1,NA,96,884,867,NA,17,Yes,No,No,No,6,8,No,8,19,29,NA,94,2,5,13,25,55,4.26000022888184,100,0,227,185,44.2099990844727,4421
34674396059356,M,Brannan (Sam) M,Brannan (Sam) Middle,3786,Sacramento City Unified,620,Sacramento,33,NA,100,667,633,8,34,Yes,Yes,Yes,Yes,45,16,No,22,NA,NA,27,79,11,19,31,30,10,3.09999990463257,100,21,893,749,20.3600006103516,1018
49708476051924,E,Old Adobe Eleme,Old Adobe Elementary,5641,Old Adobe Union Elem,512,Sonoma,48,NA,98,819,801,NA,18,Yes,Yes,Yes,Yes,11,10,No,12,19,28,NA,100,10,12,29,32,17,3.34999990463257,100,0,155,137,44.2099990844727,4421
30664643036001,H,San Clemente Hi,San Clemente High,2878,Capistrano Unified,108,Orange,29,NA,90,721,737,3,-16,No,No,No,No,9,7,No,6,NA,NA,29,88,6,8,23,41,22,3.64000010490417,96,4,1771,1454,15.1000003814697,755
27754736026090,M,Fairview Middle,Fairview Middle,2807,Gonzales Unified,273,Monterey,26,NA,100,534,529,14,5,No,No,No,No,72,50,No,17,NA,28,27,76,37,25,22,13,2,2.19000005722046,90,14,635,461,20.3600006103516,1018
55724135536750,H,Summerville Hig,Summerville High,5976,Summerville Union High,722,Tuolumne,54,NA,97,713,631,8,82,Yes,Yes,Yes,Yes,19,0,No,6,NA,NA,24,94,2,20,40,30,8,3.22000002861023,100,0,588,318,15.1000003814697,755
10621666088546,E,King Elementary,King Elementary,688,Fresno Unified,253,Fresno,9,NA,98,542,524,14,18,Yes,No,No,No,100,40,No,21,19,33,NA,88,43,35,18,4,0,1.83000004291534,94,9,325,288,44.2099990844727,4421
37682056038640,M,Palm Middle,Palm Middle,4406,Lemon Grove Elementary,376,San Diego,36,NA,100,648,621,9,27,Yes,No,No,No,47,14,No,16,NA,28,29,99,12,31,39,15,4,2.67000007629395,97,3,725,613,20.3600006103516,1018
07618040736504,H,San Ramon Valle,San Ramon Valley High,508,San Ramon Valley Unified,650,Contra Costa,6,NA,98,816,812,NA,4,Yes,Yes,Yes,Yes,1,1,No,6,NA,NA,29,69,1,3,12,44,41,4.21000003814697,93,8,1469,1344,15.1000003814697,755
19648086020671,E,Wilcox Elementa,Wilcox Elementary,2129,Montebello Unified,457,Los Angeles,18,NA,99,509,495,15,14,No,Yes,No,No,72,37,No,16,20,30,NA,77,22,33,19,24,3,2.52999997138977,61,39,437,366,44.2099990844727,4421
10752346005805,E,Cantua Elementa,Cantua Elementary,759,Golden Plains Unified,270,Fresno,9,NA,100,493,420,19,73,Yes,Yes,Yes,Yes,97,84,No,6,17,25,25,86,75,15,6,2,1,1.37999999523163,75,25,195,168,44.2099990844727,4421
36678766068720,M,Shandin Hills M,Shandin Hills Middle,4172,San Bernardino City Unif,627,San Bernardino,35,NA,99,551,491,15,60,Yes,Yes,Yes,Yes,67,17,No,46,NA,30,31,73,22,23,31,18,7,2.66000008583069,80,17,1087,963,20.3600006103516,1018
15739086106306,M,McFarland Middl,McFarland Middle,1042,McFarland Unified,432,Kern,14,NA,99,485,430,19,55,Yes,Yes,Yes,Yes,85,33,No,7,NA,21,25,55,48,29,10,12,1,1.87000000476837,73,30,554,490,20.3600006103516,1018
31668296111702,E,Ridgeview Eleme,Ridgeview Elementary,3283,Eureka Union Elementary,223,Placer,30,NA,99,893,890,NA,3,Yes,Yes,Yes,Yes,1,1,No,8,NA,25,NA,100,0,2,14,43,41,4.23000001907349,100,0,445,395,44.2099990844727,4421
14632891434901,H,Lone Pine High,Lone Pine High,864,Lone Pine Unified,394,Inyo,13,NA,99,641,660,7,-19,No,No,No,No,6,6,No,8,NA,NA,21,97,13,30,25,30,2,2.76999998092651,100,10,119,106,15.1000003814697,755
45699146050140,E,Meadow Lane Ele,Meadow Lane Elementary,5505,Cascade Union Elementary,114,Shasta,44,NA,100,709,584,11,125,Yes,Yes,Yes,Yes,77,2,No,20,18,24,NA,91,18,41,29,11,2,2.36999988555908,100,0,292,228,44.2099990844727,4421
57726946056329,E,Norman (Alyce) ,Norman (Alyce) Elementary,6155,Washington Unified,787,Yolo,56,NA,99,596,583,11,13,Yes,No,No,No,83,32,No,23,20,31,NA,98,26,27,33,11,2,2.35999989509583,100,0,332,320,44.2099990844727,4421
52715226111629,M,Evergreen Middl,Evergreen Middle,5843,Evergreen Union Elem,225,Tehama,51,NA,97,765,713,4,52,Yes,Yes,Yes,Yes,52,1,No,13,NA,25,23,87,7,29,40,20,5,2.86999988555908,100,0,358,273,20.3600006103516,1018
27738256026413,E,Elkhorn Element,Elkhorn Elementary,2799,North Monterey Co Unif,495,Monterey,26,NA,100,609,524,14,85,Yes,Yes,Yes,Yes,42,28,No,15,20,28,NA,61,29,34,23,10,4,2.26999998092651,82,11,339,301,44.2099990844727,4421
43693936046601,E,Lynhaven Elemen,Lynhaven Elementary,5196,Campbell Union Elem,105,Santa Clara,42,NA,98,671,641,8,30,Yes,Yes,Yes,Yes,38,22,No,18,20,28,NA,95,6,25,35,22,12,3.0699999332428,88,6,386,323,44.2099990844727,4421
19647336017529,E,Haynes Elementa,Haynes Elementary,1760,Los Angeles Unified,401,Los Angeles,18,NA,98,720,637,8,83,Yes,Yes,Yes,Yes,39,20,No,29,18,28,NA,85,12,16,25,35,12,3.20000004768372,74,11,250,219,44.2099990844727,4421
10739996007371,E,Sun Empire Elem,Sun Empire Elementary,753,Kerman Unified,333,Fresno,9,NA,100,669,536,13,133,Yes,Yes,Yes,Yes,100,50,Yes,17,18,27,NA,95,47,25,17,8,4,1.96000003814697,82,18,587,478,44.2099990844727,4421
33670333330701,H,Santiago High,Santiago High,3364,Corona-Norco Unified,158,Riverside,32,NA,99,667,698,5,-31,No,No,No,No,19,6,No,55,NA,NA,29,92,8,14,30,36,12,3.29999995231628,84,14,1989,1581,15.1000003814697,755
42692866060032,M,Goleta Valley J,Goleta Valley Junior High,5162,Santa Barbara High,655,Santa Barbara,41,NA,100,743,739,3,4,Yes,No,No,No,19,17,No,6,NA,NA,28,1,20,0,0,40,40,3.79999995231628,92,8,802,386,20.3600006103516,1018
19734376057590,M,Willowbrook Mid,Willowbrook Middle,2445,Compton Unified,153,Los Angeles,18,NA,100,403,384,21,19,No,No,No,No,99,5,No,19,NA,34,35,49,25,27,20,25,3,2.51999998092651,62,15,608,544,20.3600006103516,1018
34673633433265,H,Foothill High,Foothill High,3678,Grant Joint Union High,275,Sacramento,33,NA,97,610,634,8,-24,No,No,No,No,34,11,No,19,NA,NA,27,82,8,20,33,33,5,3.07999992370605,91,8,1139,665,15.1000003814697,755
19647256015168,E,Bryant Elementa,Bryant Elementary,1475,Long Beach Unified,395,Los Angeles,18,NA,99,650,631,8,19,Yes,No,No,No,78,33,No,21,19,32,NA,80,19,37,26,11,8,2.51999998092651,85,15,262,241,44.2099990844727,4421
15636936108575,E,Olive Drive Ele,Olive Drive Elementary,999,Norris Elementary,492,Kern,14,NA,99,836,772,1,64,Yes,Yes,Yes,Yes,10,1,No,17,18,27,NA,95,1,15,37,32,15,3.46000003814697,100,0,304,251,44.2099990844727,4421
39685696041925,M,Sierra Middle,Sierra Middle,4796,Lincoln Unified,382,San Joaquin,38,NA,100,695,651,7,44,Yes,No,No,No,36,14,No,13,NA,NA,31,99,13,19,34,23,11,3,91,5,525,434,20.3600006103516,1018
19647336016877,E,El Sereno Eleme,El Sereno Elementary,1702,Los Angeles Unified,401,Los Angeles,18,NA,95,542,497,15,45,Yes,Yes,Yes,Yes,98,66,No,23,19,28,NA,12,21,53,6,19,2,2.27999997138977,78,11,459,349,44.2099990844727,4421
34674135731708,H,Delta High,Delta High,3718,River Delta Joint Unif,602,Sacramento,33,NA,100,618,570,12,48,Yes,No,No,No,23,17,No,7,NA,NA,20,58,19,16,30,30,5,2.85999989509583,94,6,195,178,15.1000003814697,755
33669776031553,E,Myra Linn Eleme,Myra Linn Elementary,3351,Alvord Unified,19,Riverside,32,NA,97,578,535,13,43,Yes,Yes,Yes,Yes,69,41,Yes,38,20,31,NA,96,34,36,22,6,2,2.0699999332428,81,16,492,376,44.2099990844727,4421
24753176025423,M,Bryant Middle,Bryant Middle,2711,Dos Palos Oro Loma Unif,185,Merced,23,NA,100,551,471,16,80,Yes,Yes,Yes,Yes,66,12,No,12,NA,27,22,82,36,30,24,7,3,2.11999988555908,70,37,480,448,20.3600006103516,1018
19647256015663,E,Twain Elementar,Twain Elementary,1520,Long Beach Unified,395,Los Angeles,18,NA,99,814,783,1,31,Yes,No,No,No,28,9,No,14,20,33,NA,78,3,9,29,36,23,3.66000008583069,86,7,615,552,44.2099990844727,4421
36678196036289,M,Wiltsey (Ray) M,Wiltsey (Ray) Middle,4067,Ontario-Montclair Elem,513,San Bernardino,35,NA,98,467,455,17,12,No,No,No,No,73,54,No,13,NA,NA,29,95,51,27,14,8,1,1.82000005245209,84,16,892,774,20.3600006103516,1018
37680986066997,E,Miller Elementa,Miller Elementary,4352,Escondido Union Elem,216,San Diego,36,NA,100,777,750,3,27,Yes,Yes,Yes,Yes,25,8,Yes,13,20,31,NA,2,0,20,40,10,30,3.5,100,3,437,381,44.2099990844727,4421
34674473435930,H,Mira Loma High,Mira Loma High,3807,San Juan Unified,636,Sacramento,33,NA,96,717,694,5,23,Yes,No,No,No,29,16,No,21,NA,NA,35,76,5,15,23,37,20,3.52999997138977,88,12,1148,840,15.1000003814697,755
43696664338950,H,Willow Glen Hig,Willow Glen High,5356,San Jose Unified,635,Santa Clara,42,NA,98,610,592,10,18,Yes,Yes,Yes,Yes,31,24,No,10,NA,NA,26,91,27,20,22,24,7,2.64000010490417,84,1,1032,932,15.1000003814697,755
30666136029557,E,College View El,College View Elementary,3074,Ocean View Elementary,509,Orange,29,NA,100,719,671,6,48,Yes,Yes,Yes,Yes,33,17,No,16,19,30,NA,97,13,30,20,27,10,2.89000010490417,100,0,390,325,44.2099990844727,4421
19646591934611,H,La Canada High,La Canada High,1414,La Canada Unified,348,Los Angeles,18,NA,97,868,858,NA,10,Yes,Yes,Yes,Yes,0,2,No,4,NA,NA,31,93,0,2,6,36,55,4.44000005722046,93,7,1692,1552,15.1000003814697,755
37684523730728,H,Rancho Buena Vi,Rancho Buena Vista High,4639,Vista Unified,780,San Diego,36,NA,100,678,680,6,-2,No,No,No,No,21,5,No,10,NA,NA,29,96,12,14,31,31,13,3.19000005722046,95,3,2247,2052,15.1000003814697,755
49753586052369,E,Cali Calmecac (,Cali Calmecac (Charter #162),5719,Windsor Unified,819,Sonoma,48,NA,100,617,562,12,55,Yes,Yes,Yes,Yes,49,50,No,9,20,23,25,61,25,13,28,19,16,2.88000011444092,94,6,547,487,44.2099990844727,4421
19734371932326,H,Dominguez High,Dominguez High,2427,Compton Unified,153,Los Angeles,18,NA,100,418,383,21,35,Yes,Yes,Yes,Yes,100,24,No,72,NA,NA,32,67,47,24,14,13,2,1.99000000953674,55,42,1068,1147,15.1000003814697,755
57727106071278,M,Douglass Junior,Douglass Junior High,6173,Woodland Joint Unified,825,Yolo,56,NA,99,669,650,8,19,Yes,No,No,No,24,18,No,10,NA,NA,28,82,10,38,17,28,7,2.84999990463257,88,12,1191,1063,20.3600006103516,1018
19645686013643,E,Dunsmore Elemen,Dunsmore Elementary,1358,Glendale Unified,266,Los Angeles,18,NA,100,856,854,NA,2,Yes,Yes,Yes,Yes,4,19,No,17,18,30,NA,88,0,10,25,40,24,3.78999996185303,96,4,365,326,44.2099990844727,4421
19648576106793,E,Joshua Hills El,Joshua Hills Elementary,2192,Palmdale Elementary,532,Los Angeles,18,NA,99,723,671,6,52,Yes,Yes,Yes,Yes,46,12,Yes,99,18,30,NA,73,10,25,37,18,10,2.9300000667572,73,24,770,645,44.2099990844727,4421
56726526060388,M,Cabrillo Middle,Cabrillo Middle,6098,Ventura Unified,774,Ventura,55,NA,99,773,732,3,41,Yes,Yes,Yes,Yes,24,6,No,12,NA,32,30,92,7,9,32,20,33,3.61999988555908,92,14,934,845,20.3600006103516,1018
19647336016109,E,Broad Avenue El,Broad Avenue Elementary,1631,Los Angeles Unified,401,Los Angeles,18,NA,98,609,541,13,68,Yes,Yes,Yes,Yes,82,33,Yes,41,19,27,NA,88,15,46,22,15,2,2.44000005722046,84,12,678,403,44.2099990844727,4421
47704256050892,M,Sisson Elementa,Sisson Elementary,5550,Mt. Shasta Union Elem,475,Siskiyou,46,NA,100,780,774,1,6,Yes,Yes,Yes,Yes,29,0,No,16,NA,28,28,95,4,12,35,36,14,3.44000005722046,95,5,348,296,20.3600006103516,1018
30665226028534,M,Ralston (Dr. Wa,Ralston (Dr. Walter C.) Intermediate,2999,Garden Grove Unified,259,Orange,29,NA,99,693,688,6,5,No,No,No,No,46,33,No,12,NA,NA,29,74,16,23,31,25,5,2.79999995231628,85,15,714,591,20.3600006103516,1018
43696666095426,M,Steinbeck Middl,Steinbeck Middle,5391,San Jose Unified,635,Santa Clara,42,NA,98,635,578,11,57,Yes,Yes,Yes,Yes,44,28,No,19,NA,28,26,87,33,21,19,21,5,2.44000005722046,81,3,708,524,20.3600006103516,1018
50711755030010,H,Beyer (Fred C.),Beyer (Fred C.) High,5762,Modesto City High,450,Stanislaus,49,NA,97,712,709,5,3,No,No,No,No,5,4,No,10,NA,NA,33,96,6,15,31,32,15,3.33999991416931,99,4,2018,1153,15.1000003814697,755
19645686013676,E,Franklin (Benja,Franklin (Benjamin) Elementary,1360,Glendale Unified,266,Los Angeles,18,NA,100,676,616,9,60,Yes,Yes,Yes,Yes,76,51,No,9,18,29,NA,88,24,28,29,10,9,2.50999999046326,67,33,271,261,44.2099990844727,4421
28662666058796,M,Silverado Middl,Silverado Middle,2831,Napa Valley Unified,478,Napa,27,NA,98,660,622,9,38,Yes,No,No,No,36,8,No,15,NA,NA,27,96,22,19,26,21,11,2.78999996185303,94,6,895,783,20.3600006103516,1018
56725876055610,E,Bedell (Thelma ,Bedell (Thelma B.) Elementary,6052,Santa Paula Elementary,662,Ventura,55,NA,99,668,575,11,93,Yes,Yes,Yes,Yes,43,5,No,13,19,26,NA,93,10,27,43,12,9,2.82999992370605,92,8,307,278,44.2099990844727,4421
30736353030392,H,Trabuco Hills H,Trabuco Hills High,3181,Saddleback Valley Unif,621,Orange,29,NA,99,784,744,3,40,Yes,Yes,Yes,Yes,5,3,No,12,NA,NA,28,89,3,10,24,43,21,3.6800000667572,95,8,1788,1593,15.1000003814697,755
38684783834769,H,O'Connell (John,O'Connell (John A.) High,4694,San Francisco Unified,632,San Francisco,37,NA,86,472,497,15,-25,No,No,No,No,20,25,No,15,NA,NA,15,28,19,35,19,19,8,2.61999988555908,87,10,216,162,15.1000003814697,755
10752346007223,E,San Joaquin Ele,San Joaquin Elementary,760,Golden Plains Unified,270,Fresno,9,NA,100,421,398,20,23,Yes,Yes,Yes,Yes,98,69,No,23,20,23,28,91,73,17,7,2,1,1.41999995708466,78,19,620,500,44.2099990844727,4421
09618530930081,H,Oak Ridge High,Oak Ridge High,551,El Dorado Union High,202,El Dorado,8,NA,96,764,760,2,4,Yes,Yes,Yes,Yes,1,0,No,4,NA,NA,27,96,1,5,23,44,28,3.9300000667572,98,2,1377,917,15.1000003814697,755
41690704137279,H,South San Franc,South San Francisco High,5076,South San Francisco Unif,706,San Mateo,40,NA,90,646,636,8,10,Yes,No,No,No,20,10,No,8,NA,NA,27,91,14,23,25,31,7,2.95000004768372,92,10,1115,914,15.1000003814697,755
19647331933852,H,Hamilton (Alexa,Hamilton (Alexander) Senior Hi,1565,Los Angeles Unified,401,Los Angeles,18,NA,96,585,606,10,-21,No,No,No,No,23,16,No,12,NA,NA,26,63,20,15,22,30,14,3.02999997138977,83,13,2181,1958,15.1000003814697,755
19642461930213,H,Antelope Valley,Antelope Valley High,1132,Antelope Valley High,27,Los Angeles,18,NA,93,556,545,13,11,No,No,No,No,33,6,No,14,NA,NA,28,85,16,24,34,21,5,2.75,66,25,1783,814,15.1000003814697,755
43733876047666,M,Rancho Milpitas,Rancho Milpitas Junior High,5446,Milpitas Unified,448,Santa Clara,42,NA,99,733,703,5,30,Yes,No,No,No,33,29,No,11,NA,NA,30,98,12,22,26,28,12,3.04999995231628,81,19,696,595,20.3600006103516,1018
07617966057236,M,Pinole Junior H,Pinole Junior High,498,West Contra Costa Unified,796,Contra Costa,6,NA,100,657,627,9,30,Yes,Yes,Yes,Yes,24,10,No,22,NA,NA,30,91,6,24,28,34,8,3.13000011444092,80,13,933,756,20.3600006103516,1018
14632486008692,E,Big Pine Elemen,Big Pine Elementary,859,Big Pine Unified,64,Inyo,13,NA,98,667,607,10,60,Yes,Yes,Yes,Yes,41,7,No,11,17,20,19,66,2,22,38,32,5,3.16000008583069,92,0,153,123,44.2099990844727,4421
37684526059810,M,Washington Midd,Washington Middle,4649,Vista Unified,780,San Diego,36,NA,98,606,575,11,31,Yes,Yes,Yes,Yes,57,15,Yes,15,NA,30,31,89,27,22,28,18,6,2.52999997138977,96,1,1524,1254,20.3600006103516,1018
34674393437555,H,Sacramento High,Sacramento High,3732,Sacramento City Unified,620,Sacramento,33,NA,90,600,580,11,20,Yes,No,No,No,36,21,No,15,NA,NA,27,77,19,22,26,25,8,2.79999995231628,96,6,1389,1137,15.1000003814697,755
19647336068431,M,El Sereno Middl,El Sereno Middle,2072,Los Angeles Unified,401,Los Angeles,18,NA,100,522,509,15,13,No,No,No,No,91,34,No,9,NA,28,24,43,36,30,16,16,2,2.19000005722046,66,28,2171,1995,20.3600006103516,1018
38684783830254,H,Burton (Phillip,Burton (Phillip & Sala) Academic High,4686,San Francisco Unified,632,San Francisco,37,NA,89,599,574,11,25,Yes,No,No,No,21,18,No,1,NA,NA,26,86,21,26,20,29,4,2.6800000667572,84,14,1313,1111,15.1000003814697,755
22655322235356,H,Mariposa County,Mariposa County High,2625,Mariposa County Unified,423,Mariposa,21,NA,99,706,726,4,-20,No,No,No,No,13,0,No,8,NA,NA,29,82,3,15,40,27,14,3.33999991416931,92,8,542,430,15.1000003814697,755
19734371931963,H,Compton High,Compton High,2426,Compton Unified,153,Los Angeles,18,NA,79,409,410,20,-1,No,No,No,No,98,49,No,12,NA,NA,29,68,49,20,15,14,1,1.97000002861023,70,30,1684,1208,15.1000003814697,755
23655406025084,E,Anderson Valley,Anderson Valley Elementary,2631,Anderson Valley Unified,25,Mendocino,22,NA,97,631,639,8,-8,No,Yes,No,No,67,59,No,12,19,23,NA,87,49,18,13,13,7,2.09999990463257,100,0,213,175,44.2099990844727,4421
23656152335024,H,Ukiah High,Ukiah High,2641,Ukiah Unified,760,Mendocino,22,NA,99,635,625,9,10,Yes,Yes,Yes,Yes,23,10,No,96,NA,NA,25,86,15,19,34,16,16,2.99000000953674,97,6,1520,1306,15.1000003814697,755
33671736112692,M,Workman (James),Workman (James) Middle,3497,Palm Springs Unified,531,Riverside,32,NA,100,601,574,11,27,Yes,Yes,Yes,Yes,38,0,No,18,NA,33,32,87,20,21,33,21,6,2.74000000953674,71,18,1012,1082,20.3600006103516,1018
19647331933381,H,Garfield (James,Garfield (James A.) Senior High,1563,Los Angeles Unified,401,Los Angeles,18,NA,100,477,484,16,-7,No,No,No,No,86,34,Yes,6,NA,NA,27,84,61,24,8,5,1,1.62000000476837,83,17,3156,2900,15.1000003814697,755
30736356101059,E,Del Lago Elemen,Del Lago Elementary,3203,Saddleback Valley Unif,621,Orange,29,NA,100,845,799,1,46,Yes,Yes,Yes,Yes,14,4,No,12,19,30,NA,82,6,25,27,35,9,3.16000008583069,97,6,410,372,44.2099990844727,4421
37682966038988,M,Meadowbrook Mid,Meadowbrook Middle,4426,Poway Unified,575,San Diego,36,NA,99,819,790,1,29,Yes,No,No,No,13,6,No,10,NA,29,29,99,3,7,29,36,25,3.71000003814697,100,3,1358,1182,20.3600006103516,1018
01612596001994,E,Laurel Elementa,Laurel Elementary,189,Oakland Unified,507,Alameda,1,NA,100,631,646,8,-15,No,No,No,No,74,45,No,11,19,30,NA,59,22,23,32,16,7,2.63000011444092,82,7,364,347,44.2099990844727,4421
30665636028948,E,El Cerrito Elem,El Cerrito Elementary,3030,La Habra City Elementary,349,Orange,29,NA,100,696,642,8,54,Yes,Yes,Yes,Yes,72,50,No,26,18,NA,NA,98,37,36,21,3,2,1.98000001907349,91,9,169,142,44.2099990844727,4421
56726036055776,E,Santa Susana El,Santa Susana Elementary,6068,Simi Valley Unified,689,Ventura,55,NA,100,714,672,6,42,Yes,Yes,Yes,Yes,45,21,No,13,18,28,NA,1,50,50,0,0,0,1.5,96,0,368,332,44.2099990844727,4421
43696906049217,E,Fairwood Elemen,Fairwood Elementary,5421,Sunnyvale Elementary,725,Santa Clara,42,NA,100,788,747,3,41,Yes,Yes,Yes,Yes,39,22,No,11,19,26,NA,88,10,20,28,35,7,3.09999990463257,68,26,190,168,44.2099990844727,4421
39685696105738,E,Pacific (K-8),Pacific (K-8),4801,Lincoln Unified,382,San Joaquin,38,NA,100,667,601,10,66,Yes,Yes,Yes,Yes,38,14,No,20,24,24,NA,97,10,11,32,23,24,3.40000009536743,88,12,368,314,44.2099990844727,4421
56726035630322,H,Santa Susana Hi,Santa Susana High,6054,Simi Valley Unified,689,Ventura,55,NA,99,710,706,5,4,No,No,No,No,8,3,No,11,NA,NA,28,0,0,0,50,0,50,4,88,5,763,691,15.1000003814697,755
33751766032056,E,Machado Element,Machado Elementary,3563,Lake Elsinore Unified,358,Riverside,32,NA,99,568,504,15,64,Yes,Yes,Yes,Yes,69,34,Yes,25,20,28,NA,99,22,37,25,11,4,2.38000011444092,83,17,601,457,44.2099990844727,4421
15634121531672,H,Delano High,Delano High,938,Delano Joint Union High,176,Kern,14,NA,99,453,447,18,6,No,No,No,No,47,37,No,7,NA,NA,28,74,50,21,14,14,1,1.96000003814697,68,28,2237,1248,15.1000003814697,755
07617880735407,H,Pittsburg Senio,Pittsburg Senior High,448,Pittsburg Unified,554,Contra Costa,6,NA,98,546,524,14,22,Yes,Yes,Yes,Yes,38,8,No,22,NA,NA,26,8,20,28,20,31,2,2.67000007629395,65,34,1602,1178,15.1000003814697,755
19650526022933,E,Emperor Element,Emperor Elementary,2338,Temple City Unified,738,Los Angeles,18,NA,100,847,814,NA,33,Yes,Yes,Yes,Yes,34,12,No,13,20,31,NA,100,9,21,20,27,23,3.33999991416931,67,30,420,352,44.2099990844727,4421
01612426001572,E,Alvarado Elemen,Alvarado Elementary,146,New Haven Unified,484,Alameda,1,NA,99,679,664,7,15,Yes,Yes,Yes,Yes,36,39,No,13,20,31,NA,88,7,17,33,33,10,3.23000001907349,100,0,613,534,44.2099990844727,4421
19647336018568,E,One Hundred Twe,One Hundred Twelfth Street Elementary,1858,Los Angeles Unified,401,Los Angeles,18,NA,95,477,424,19,53,Yes,No,No,No,98,56,No,22,19,28,NA,5,10,48,10,33,0,2.67000007629395,42,39,446,351,44.2099990844727,4421
33670333331600,H,Corona Senior H,Corona Senior High,3365,Corona-Norco Unified,158,Riverside,32,NA,100,646,620,9,26,Yes,Yes,Yes,Yes,36,14,No,12,NA,NA,29,96,18,20,29,25,9,2.85999989509583,95,4,1754,1516,15.1000003814697,755
04755076003164,M,Sycamore Middle,Sycamore Middle,336,Gridley Unified,279,Butte,3,NA,99,627,597,10,30,Yes,No,No,No,56,6,No,10,NA,36,26,93,25,34,20,16,4,2.40000009536743,78,13,423,369,20.3600006103516,1018
56724626055016,E,Larsen (Ansgar),Larsen (Ansgar) Elementary,5986,Hueneme Elementary,308,Ventura,55,NA,99,521,500,15,21,Yes,Yes,Yes,Yes,88,69,No,6,20,32,NA,97,41,58,0,0,0,1.61000001430511,95,5,482,446,44.2099990844727,4421
31669513134657,H,Lincoln High (C,Lincoln High (Char),3324,Western Placer Unified,802,Placer,30,NA,100,624,609,10,15,Yes,Yes,Yes,Yes,28,4,No,6,NA,NA,24,93,10,25,34,25,5,2.91000008583069,97,3,599,517,15.1000003814697,755
